发布时间,topic0,topic1,topic2,topic3
2022-04-01,274,205,312,347
2022-04-02,245,296,441,164
2022-04-03,316,312,448,180
2022-04-04,199,197,453,148
2022-04-05,221,203,297,226
2022-04-06,302,275,666,511
2022-04-07,562,211,407,256
2022-04-08,270,199,239,337
2022-04-09,177,134,229,125
2022-04-10,172,125,134,165
2022-04-11,213,308,215,399
2022-04-12,247,517,450,318
2022-04-13,237,304,328,302
2022-04-14,220,234,294,320
2022-04-15,201,209,276,316
2022-04-16,142,211,208,128
2022-04-17,166,237,137,132
2022-04-18,253,365,239,316
2022-04-19,287,297,186,323
2022-04-20,176,432,284,393
2022-04-21,171,260,209,306
2022-04-22,287,242,213,185
2022-04-23,167,204,304,125
2022-04-24,140,208,192,185
2022-04-25,225,311,272,225
2022-04-26,291,269,248,175
2022-04-27,154,209,201,246
2022-04-28,156,261,156,257
2022-04-29,233,232,328,288
2022-04-30,159,235,166,147
2022-05-01,144,232,124,93
2022-05-02,162,227,139,194
2022-05-03,145,273,202,212
2022-05-04,109,204,225,199
2022-05-05,156,254,291,294
2022-05-06,213,287,248,216
2022-05-07,217,284,264,190
2022-05-08,152,242,136,107
2022-05-09,180,321,140,254
2022-05-10,133,221,142,312
2022-05-11,156,210,145,220
2022-05-12,603,256,182,191
2022-05-13,161,143,178,154
2022-05-14,175,343,341,178
2022-05-15,378,239,192,175
2022-05-16,260,209,194,356
2022-05-17,151,375,180,284
2022-05-18,197,631,731,346
2022-05-19,142,383,275,251
2022-05-20,129,185,184,182
2022-05-21,109,185,106,109
2022-05-22,151,187,75,73
2022-05-23,174,169,114,177
2022-05-24,175,202,101,201
2022-05-25,193,188,220,186
2022-05-26,143,192,142,214
2022-05-27,177,283,132,126
2022-05-28,143,187,98,97
2022-05-29,95,193,69,87
2022-05-30,124,266,111,182
2022-05-31,142,185,153,173
2022-06-01,87,195,158,174
2022-06-02,127,251,164,112
2022-06-03,166,449,177,184
2022-06-04,101,331,151,196
2022-06-05,130,209,130,130
2022-06-06,122,249,147,142
2022-06-07,106,226,116,116
2022-06-08,86,282,152,164
2022-06-09,100,189,116,198
2022-06-10,88,162,87,147
2022-06-11,97,118,68,74
2022-06-12,112,124,82,77
2022-06-13,96,172,131,157
2022-06-14,108,158,140,177
2022-06-15,79,132,114,166
2022-06-16,120,140,171,178
2022-06-17,89,105,196,95
2022-06-18,94,159,95,42
2022-06-19,107,142,92,54
2022-06-20,93,138,90,139
2022-06-21,90,113,117,107
2022-06-22,90,124,59,146
2022-06-23,79,147,195,144
2022-06-24,98,118,134,97
2022-06-25,60,110,54,55
2022-06-26,61,120,101,37
2022-06-27,80,126,201,115
2022-06-28,86,169,154,73
2022-06-29,118,159,135,84
2022-06-30,117,270,167,110
2022-07-01,81,205,107,90
2022-07-02,32,68,44,34
2022-07-03,55,101,101,57
2022-07-04,70,149,110,100
2022-07-05,76,111,125,108
2022-07-06,79,150,98,138
2022-07-07,90,113,116,113
2022-07-08,149,90,87,96
2022-07-09,99,92,78,36
2022-07-10,79,113,100,57
2022-07-11,89,75,156,101
2022-07-12,80,88,103,125
2022-07-13,58,84,121,116
2022-07-14,80,94,99,165
2022-07-15,66,147,110,177
2022-07-16,70,99,63,77
2022-07-17,63,81,156,81
2022-07-18,50,106,113,76
2022-07-19,53,136,101,117
2022-07-20,70,106,115,114
2022-07-21,76,98,64,95
2022-07-22,62,110,52,82
2022-07-23,54,98,77,39
2022-07-24,20,23,31,13
2022-07-25,74,107,45,49
2022-07-26,40,72,61,62
2022-07-27,66,80,56,74
2022-07-28,71,108,70,121
2022-07-29,61,97,45,66
2022-07-30,74,91,79,30
2022-07-31,61,97,35,33
2022-08-01,76,98,38,57
2022-08-02,175,97,56,97
2022-08-03,224,72,34,82
2022-08-04,92,86,34,116
2022-08-05,93,88,50,597
2022-08-06,88,59,27,56
2022-08-07,155,67,40,34
2022-08-08,108,69,57,417
2022-08-09,74,139,75,138
2022-08-10,42,66,41,70
2022-08-11,51,80,30,58
2022-08-12,59,96,61,54
2022-08-13,50,50,63,28
2022-08-14,67,47,38,46
2022-08-15,55,71,38,68
2022-08-16,55,68,26,64
2022-08-17,57,94,36,69
2022-08-18,50,72,62,61
2022-08-19,47,117,56,41
2022-08-20,44,78,73,43
2022-08-21,48,66,56,25
2022-08-22,64,150,62,51
2022-08-23,65,204,84,109
2022-08-24,123,297,120,109
2022-08-25,92,195,176,148
2022-08-26,80,175,83,72
2022-08-27,61,122,95,72
2022-08-28,57,97,67,41
2022-08-29,41,84,94,141
2022-08-30,74,86,91,58
2022-08-31,96,94,59,63
